{
  "IcoMoonType": "selection",
  "icons": [
    {
      "icon": {
        "paths": [
          "M682 554c100 0 300 50 300 150v106h-256v-106c0-64-34-112-84-148 14-2 28-2 40-2zM342 554c100 0 298 50 298 150v106h-598v-106c0-100 200-150 300-150zM342 470c-70 0-128-58-128-128s58-128 128-128 126 58 126 128-56 128-126 128zM682 470c-70 0-128-58-128-128s58-128 128-128 128 58 128 128-58 128-128 128z"
        ],
        "attrs": [
          {}
        ],
        "isMulticolor": false,
        "isMulticolor2": false,
        "tags": [
          "people"
        ],
        "grid": 24
      },
      "attrs": [
        {}
      ],
      "properties": {
        "order": 3,
        "id": 0,
        "name": "people",
        "prevSize": 24
      },
      "setIdx": 2,
      "setId": 5,
      "iconIdx": 1
    },
    {
      "icon": {
        "paths": [
          "M512 736l-288 192 128-320-288-192h320l128-320 128 320h320l-288 192 128 320z"
        ],
        "attrs": [],
        "isMulticolor": false,
        "isMulticolor2": false,
        "tags": [
          "star"
        ],
        "grid": 32
      },
      "attrs": [],
      "properties": {
        "id": 46,
        "order": 4,
        "prevSize": 32,
        "name": "star"
      },
      "setIdx": 4,
      "setId": 3,
      "iconIdx": 45
    },
    {
      "icon": {
        "paths": [
          "M640 146.588v135.958c36.206 15.804 69.5 38.408 98.274 67.18 60.442 60.44 93.726 140.8 93.726 226.274s-33.286 165.834-93.726 226.274c-60.44 60.44-140.798 93.726-226.274 93.726s-165.834-33.286-226.274-93.726c-60.44-60.44-93.726-140.8-93.726-226.274s33.286-165.834 93.726-226.274c28.774-28.774 62.068-51.378 98.274-67.182v-135.956c-185.048 55.080-320 226.472-320 429.412 0 247.424 200.578 448 448 448 247.424 0 448-200.576 448-448 0-202.94-134.95-374.332-320-429.412zM448 0h128v512h-128z"
        ],
        "attrs": [],
        "isMulticolor": false,
        "isMulticolor2": false,
        "tags": [
          "switch"
        ],
        "defaultCode": 59830,
        "grid": 16
      },
      "attrs": [],
      "properties": {
        "ligatures": "switch",
        "name": "switch",
        "id": 182,
        "order": 5,
        "prevSize": 32
      },
      "setIdx": 7,
      "setId": 0,
      "iconIdx": 182
    }
  ],
  "height": 1024,
  "preferences": {
    "showGlyphs": true,
    "showCodes": true,
    "showQuickUse": true,
    "showQuickUse2": false,
    "showSVGs": true,
    "fontPref": {
      "prefix": "icon-",
      "metadata": {},
      "metrics": {
        "emSize": 1024,
        "baseline": 6.25,
        "whitespace": 50
      }
    },
    "imagePref": {
      "prefix": "icon-",
      "png": true,
      "useClassSelector": true,
      "color": 0,
      "bgColor": 16777215,
      "name": "icomoon",
      "classSelector": ".icon"
    },
    "historySize": 50
  }
}